Time (Sec);S1;S12;S16;S23;S24;S25;S26;S27;S28;S29;S3;S30;S31;S32;S33;S34;S35;S36;S37;S38;S40;S8;
0.0;19160.0;100.0;100.0;100.0;100.0;100.0;100.0;100.0;100.0;100.0;100.0;100.0;100.0;100.0;100.0;100.0;100.0;100.0;100.0;100.0;100.0;100.0;
0.12666666666666668;19160.0;99.9896928;99.98580319999999;99.98237119999999;99.98237119999999;99.98237119999999;99.98237119999999;99.989464;99.989464;99.989464;99.98993759999999;99.989464;99.989464;99.989464;99.989464;99.989464;99.989464;99.989464;99.989464;99.989464;99.98580319999999;99.99016639999999;
0.22666666666666668;19160.0;99.9896928;99.98580319999999;99.98237119999999;99.98237119999999;99.98237119999999;99.98237119999999;99.989464;99.989464;99.989464;99.98993759999999;99.989464;99.989464;99.989464;99.989464;99.989464;99.989464;99.989464;99.989464;99.989464;99.98580319999999;99.99016639999999;
0.32666666666666666;19160.0;99.9896928;99.98580319999999;99.98237119999999;99.98237119999999;99.98237119999999;99.98237119999999;99.989464;99.989464;99.989464;99.98993759999999;99.989464;99.989464;99.989464;99.989464;99.989464;99.989464;99.989464;99.989464;99.989464;99.98580319999999;99.99016639999999;
0.42666666666666664;19160.0;99.9896928;99.98580319999999;99.98237119999999;99.98237119999999;99.98237119999999;99.98237119999999;99.989464;99.989464;99.989464;99.98993759999999;99.989464;99.989464;99.989464;99.989464;99.989464;99.989464;99.989464;99.989464;99.989464;99.98580319999999;99.99016639999999;
0.5266666666666666;19160.0;99.9896928;99.98580319999999;99.98237119999999;99.98237119999999;99.98237119999999;99.98237119999999;99.989464;99.989464;99.989464;99.98993759999999;99.989464;99.989464;99.989464;99.989464;99.989464;99.989464;99.989464;99.989464;99.989464;99.98580319999999;99.99016639999999;
0.6266666666666666;19160.0;99.9896928;99.98580319999999;99.98237119999999;99.98237119999999;99.98237119999999;99.98237119999999;99.989464;99.989464;99.989464;99.98993759999999;99.989464;99.989464;99.989464;99.989464;99.989464;99.989464;99.989464;99.989464;99.989464;99.98580319999999;99.99016639999999;
0.7266666666666666;19160.0;99.9896928;99.98580319999999;99.98237119999999;99.98237119999999;99.98237119999999;99.98237119999999;99.989464;99.989464;99.989464;99.98993759999999;99.989464;99.989464;99.989464;99.989464;99.989464;99.989464;99.989464;99.989464;99.989464;99.98580319999999;99.99016639999999;
0.8266666666666665;19160.0;99.9896928;99.98580319999999;99.98237119999999;99.98237119999999;99.98237119999999;99.98237119999999;99.989464;99.989464;99.989464;99.98993759999999;99.989464;99.989464;99.989464;99.989464;99.989464;99.989464;99.989464;99.989464;99.989464;99.98580319999999;99.99016639999999;
0.9266666666666665;19160.0;99.9896928;99.98580319999999;99.98237119999999;99.98237119999999;99.98237119999999;99.98237119999999;99.989464;99.989464;99.989464;99.98993759999999;99.989464;99.989464;99.989464;99.989464;99.989464;99.989464;99.989464;99.989464;99.989464;99.98580319999999;99.99016639999999;
1.0266666666666666;19160.0;99.9896928;99.98580319999999;99.98237119999999;99.98237119999999;99.98237119999999;99.98237119999999;99.989464;99.989464;99.989464;99.98993759999999;99.989464;99.989464;99.989464;99.989464;99.989464;99.989464;99.989464;99.989464;99.989464;99.98580319999999;99.99016639999999;
1.1266666666666663;19160.0;99.9895928;99.98570319999999;99.98227119999999;99.98227119999999;99.98227119999999;99.98227119999999;99.989364;99.989364;99.989364;99.98983759999999;99.989364;99.989364;99.989364;99.989364;99.989364;99.989364;99.989364;99.989364;99.989364;99.98570319999999;99.99006639999999;
1.2266666666666663;19160.0;99.9895928;99.98570319999999;99.98227119999999;99.98227119999999;99.98227119999999;99.98227119999999;99.989364;99.989364;99.989364;99.98983759999999;99.989364;99.989364;99.989364;99.989364;99.989364;99.989364;99.989364;99.989364;99.989364;99.98570319999999;99.99006639999999;
1.3266666666666664;19160.0;99.9895928;99.98570319999999;99.98227119999999;99.98227119999999;99.98227119999999;99.98227119999999;99.989364;99.989364;99.989364;99.98983759999999;99.989364;99.989364;99.989364;99.989364;99.989364;99.989364;99.989364;99.989364;99.989364;99.98570319999999;99.99006639999999;
1.4266666666666665;19160.0;99.9895928;99.98570319999999;99.98227119999999;99.98227119999999;99.98227119999999;99.98227119999999;99.989364;99.989364;99.989364;99.98983759999999;99.989364;99.989364;99.989364;99.989364;99.989364;99.989364;99.989364;99.989364;99.989364;99.98570319999999;99.99006639999999;
1.5266666666666666;19160.0;99.9895928;99.98570319999999;99.98227119999999;99.98227119999999;99.98227119999999;99.98227119999999;99.989364;99.989364;99.989364;99.98983759999999;99.989364;99.989364;99.989364;99.989364;99.989364;99.989364;99.989364;99.989364;99.989364;99.98570319999999;99.99006639999999;
1.6266666666666667;19160.0;99.9895928;99.98570319999999;99.98227119999999;99.98227119999999;99.98227119999999;99.98227119999999;99.989364;99.989364;99.989364;99.98983759999999;99.989364;99.989364;99.989364;99.989364;99.989364;99.989364;99.989364;99.989364;99.989364;99.98570319999999;99.99006639999999;
1.7266666666666668;19160.0;99.9895928;99.98570319999999;99.98227119999999;99.98227119999999;99.98227119999999;99.98227119999999;99.989364;99.989364;99.989364;99.98983759999999;99.989364;99.989364;99.989364;99.989364;99.989364;99.989364;99.989364;99.989364;99.989364;99.98570319999999;99.99006639999999;
1.8266666666666669;19160.0;99.9895928;99.98570319999999;99.98227119999999;99.98227119999999;99.98227119999999;99.98227119999999;99.989364;99.989364;99.989364;99.98983759999999;99.989364;99.989364;99.989364;99.989364;99.989364;99.989364;99.989364;99.989364;99.989364;99.98570319999999;99.99006639999999;
1.926666666666667;19160.0;99.9895928;99.98570319999999;99.98227119999999;99.98227119999999;99.98227119999999;99.98227119999999;99.989364;99.989364;99.989364;99.98983759999999;99.989364;99.989364;99.989364;99.989364;99.989364;99.989364;99.989364;99.989364;99.989364;99.98570319999999;99.99006639999999;
2.026666666666667;19160.0;99.9895928;99.98570319999999;99.98227119999999;99.98227119999999;99.98227119999999;99.98227119999999;99.989364;99.989364;99.989364;99.98983759999999;99.989364;99.989364;99.989364;99.989364;99.989364;99.989364;99.989364;99.989364;99.989364;99.98570319999999;99.99006639999999;
2.126666666666667;19160.0;99.9895928;99.98560319999999;99.98217119999998;99.98217119999998;99.98217119999998;99.98217119999998;99.989364;99.989364;99.989364;99.98983759999999;99.989364;99.989364;99.989364;99.989364;99.989364;99.989364;99.989364;99.989364;99.989364;99.98560319999999;99.99006639999999;
2.2266666666666666;19160.0;99.9894928;99.98560319999999;99.98217119999998;99.98217119999998;99.98217119999998;99.98217119999998;99.98926399999999;99.98926399999999;99.98926399999999;99.98973759999998;99.98926399999999;99.98926399999999;99.98926399999999;99.98926399999999;99.98926399999999;99.98926399999999;99.98926399999999;99.98926399999999;99.98926399999999;99.98560319999999;99.98996639999999;
2.326666666666666;19160.0;99.9894928;99.98560319999999;99.98217119999998;99.98217119999998;99.98217119999998;99.98217119999998;99.98926399999999;99.98926399999999;99.98926399999999;99.98973759999998;99.98926399999999;99.98926399999999;99.98926399999999;99.98926399999999;99.98926399999999;99.98926399999999;99.98926399999999;99.98926399999999;99.98926399999999;99.98560319999999;99.98996639999999;
2.4266666666666663;19160.0;99.9894928;99.98560319999999;99.98217119999998;99.98217119999998;99.98217119999998;99.98217119999998;99.98926399999999;99.98926399999999;99.98926399999999;99.98973759999998;99.98926399999999;99.98926399999999;99.98926399999999;99.98926399999999;99.98926399999999;99.98926399999999;99.98926399999999;99.98926399999999;99.98926399999999;99.98560319999999;99.98996639999999;
2.5266666666666664;19160.0;99.9894928;99.98560319999999;99.98217119999998;99.98217119999998;99.98217119999998;99.98217119999998;99.98926399999999;99.98926399999999;99.98926399999999;99.98973759999998;99.98926399999999;99.98926399999999;99.98926399999999;99.98926399999999;99.98926399999999;99.98926399999999;99.98926399999999;99.98926399999999;99.98926399999999;99.98560319999999;99.98996639999999;
2.6266666666666665;19160.0;99.9894928;99.98560319999999;99.98217119999998;99.98217119999998;99.98217119999998;99.98217119999998;99.98926399999999;99.98926399999999;99.98926399999999;99.98973759999998;99.98926399999999;99.98926399999999;99.98926399999999;99.98926399999999;99.98926399999999;99.98926399999999;99.98926399999999;99.98926399999999;99.98926399999999;99.98560319999999;99.98996639999999;
2.7266666666666666;19160.0;99.9894928;99.98560319999999;99.98217119999998;99.98217119999998;99.98217119999998;99.98217119999998;99.98926399999999;99.98926399999999;99.98926399999999;99.98973759999998;99.98926399999999;99.98926399999999;99.98926399999999;99.98926399999999;99.98926399999999;99.98926399999999;99.98926399999999;99.98926399999999;99.98926399999999;99.98560319999999;99.98996639999999;
2.8266666666666667;19160.0;99.9894928;99.98560319999999;99.98217119999998;99.98217119999998;99.98217119999998;99.98217119999998;99.98926399999999;99.98926399999999;99.98926399999999;99.98973759999998;99.98926399999999;99.98926399999999;99.98926399999999;99.98926399999999;99.98926399999999;99.98926399999999;99.98926399999999;99.98926399999999;99.98926399999999;99.98560319999999;99.98996639999999;
2.9266666666666667;19160.0;99.9894928;99.98560319999999;99.98217119999998;99.98217119999998;99.98217119999998;99.98217119999998;99.98926399999999;99.98926399999999;99.98926399999999;99.98973759999998;99.98926399999999;99.98926399999999;99.98926399999999;99.98926399999999;99.98926399999999;99.98926399999999;99.98926399999999;99.98926399999999;99.98926399999999;99.98560319999999;99.98996639999999;
3.026666666666667;19160.0;99.9894928;99.98560319999999;99.98217119999998;99.98217119999998;99.98217119999998;99.98217119999998;99.98926399999999;99.98926399999999;99.98926399999999;99.98973759999998;99.98926399999999;99.98926399999999;99.98926399999999;99.98926399999999;99.98926399999999;99.98926399999999;99.98926399999999;99.98926399999999;99.98926399999999;99.98560319999999;99.98996639999999;
3.126666666666667;19160.0;99.9894928;99.98560319999999;99.98207119999998;99.98207119999998;99.98207119999998;99.98207119999998;99.98926399999999;99.98926399999999;99.98926399999999;99.98973759999998;99.98926399999999;99.98926399999999;99.98926399999999;99.98926399999999;99.98926399999999;99.98926399999999;99.98926399999999;99.98926399999999;99.98926399999999;99.98560319999999;99.98996639999999;
3.226666666666667;19160.0;99.9894928;99.98550319999998;99.98207119999998;99.98207119999998;99.98207119999998;99.98207119999998;99.98926399999999;99.98926399999999;99.98926399999999;99.98973759999998;99.98926399999999;99.98926399999999;99.98926399999999;99.98926399999999;99.98926399999999;99.98926399999999;99.98926399999999;99.98926399999999;99.98926399999999;99.98550319999998;99.98996639999999;
3.3266666666666667;19160.0;99.98939279999999;99.98550319999998;99.98207119999998;99.98207119999998;99.98207119999998;99.98207119999998;99.98916399999999;99.98916399999999;99.98916399999999;99.98963759999998;99.98916399999999;99.98916399999999;99.98916399999999;99.98916399999999;99.98916399999999;99.98916399999999;99.98916399999999;99.98916399999999;99.98916399999999;99.98550319999998;99.98986639999998;
3.4266666666666663;19160.0;99.98939279999999;99.98550319999998;99.98207119999998;99.98207119999998;99.98207119999998;99.98207119999998;99.98916399999999;99.98916399999999;99.98916399999999;99.98963759999998;99.98916399999999;99.98916399999999;99.98916399999999;99.98916399999999;99.98916399999999;99.98916399999999;99.98916399999999;99.98916399999999;99.98916399999999;99.98550319999998;99.98986639999998;
3.5266666666666664;19160.0;99.98939279999999;99.98550319999998;99.98207119999998;99.98207119999998;99.98207119999998;99.98207119999998;99.98916399999999;99.98916399999999;99.98916399999999;99.98963759999998;99.98916399999999;99.98916399999999;99.98916399999999;99.98916399999999;99.98916399999999;99.98916399999999;99.98916399999999;99.98916399999999;99.98916399999999;99.98550319999998;99.98986639999998;
3.6266666666666665;19160.0;99.98939279999999;99.98550319999998;99.98207119999998;99.98207119999998;99.98207119999998;99.98207119999998;99.98916399999999;99.98916399999999;99.98916399999999;99.98963759999998;99.98916399999999;99.98916399999999;99.98916399999999;99.98916399999999;99.98916399999999;99.98916399999999;99.98916399999999;99.98916399999999;99.98916399999999;99.98550319999998;99.98986639999998;
3.7266666666666666;19160.0;99.98939279999999;99.98550319999998;99.98207119999998;99.98207119999998;99.98207119999998;99.98207119999998;99.98916399999999;99.98916399999999;99.98916399999999;99.98963759999998;99.98916399999999;99.98916399999999;99.98916399999999;99.98916399999999;99.98916399999999;99.98916399999999;99.98916399999999;99.98916399999999;99.98916399999999;99.98550319999998;99.98986639999998;
3.8266666666666667;19160.0;99.98939279999999;99.98550319999998;99.98207119999998;99.98207119999998;99.98207119999998;99.98207119999998;99.98916399999999;99.98916399999999;99.98916399999999;99.98963759999998;99.98916399999999;99.98916399999999;99.98916399999999;99.98916399999999;99.98916399999999;99.98916399999999;99.98916399999999;99.98916399999999;99.98916399999999;99.98550319999998;99.98986639999998;
3.9266666666666667;19160.0;99.98939279999999;99.98550319999998;99.98207119999998;99.98207119999998;99.98207119999998;99.98207119999998;99.98916399999999;99.98916399999999;99.98916399999999;99.98963759999998;99.98916399999999;99.98916399999999;99.98916399999999;99.98916399999999;99.98916399999999;99.98916399999999;99.98916399999999;99.98916399999999;99.98916399999999;99.98550319999998;99.98986639999998;
4.026666666666666;19160.0;99.98939279999999;99.98550319999998;99.98207119999998;99.98207119999998;99.98207119999998;99.98207119999998;99.98916399999999;99.98916399999999;99.98916399999999;99.98963759999998;99.98916399999999;99.98916399999999;99.98916399999999;99.98916399999999;99.98916399999999;99.98916399999999;99.98916399999999;99.98916399999999;99.98916399999999;99.98550319999998;99.98986639999998;
4.126666666666666;19160.0;99.98939279999999;99.98550319999998;99.98207119999998;99.98207119999998;99.98207119999998;99.98207119999998;99.98916399999999;99.98916399999999;99.98916399999999;99.98963759999998;99.98916399999999;99.98916399999999;99.98916399999999;99.98916399999999;99.98916399999999;99.98916399999999;99.98916399999999;99.98916399999999;99.98916399999999;99.98550319999998;99.98986639999998;
4.226666666666667;19160.0;99.98939279999999;99.98550319999998;99.98197119999998;99.98197119999998;99.98197119999998;99.98197119999998;99.98916399999999;99.98916399999999;99.98916399999999;99.98963759999998;99.98916399999999;99.98916399999999;99.98916399999999;99.98916399999999;99.98916399999999;99.98916399999999;99.98916399999999;99.98916399999999;99.98916399999999;99.98550319999998;99.98986639999998;
4.326666666666667;19160.0;99.98939279999999;99.98540319999998;99.98197119999998;99.98197119999998;99.98197119999998;99.98197119999998;99.98916399999999;99.98916399999999;99.98916399999999;99.98963759999998;99.98916399999999;99.98916399999999;99.98916399999999;99.98916399999999;99.98916399999999;99.98916399999999;99.98916399999999;99.98916399999999;99.98916399999999;99.98540319999998;99.98986639999998;
4.426666666666668;19160.0;99.98929279999999;99.98540319999998;99.98197119999998;99.98197119999998;99.98197119999998;99.98197119999998;99.98906399999998;99.98906399999998;99.98906399999998;99.98953759999998;99.98906399999998;99.98906399999998;99.98906399999998;99.98906399999998;99.98906399999998;99.98906399999998;99.98906399999998;99.98906399999998;99.98906399999998;99.98540319999998;99.98976639999998;
4.526666666666667;19160.0;99.98929279999999;99.98540319999998;99.98197119999998;99.98197119999998;99.98197119999998;99.98197119999998;99.98906399999998;99.98906399999998;99.98906399999998;99.98953759999998;99.98906399999998;99.98906399999998;99.98906399999998;99.98906399999998;99.98906399999998;99.98906399999998;99.98906399999998;99.98906399999998;99.98906399999998;99.98540319999998;99.98976639999998;
4.626666666666667;19160.0;99.98929279999999;99.98540319999998;99.98197119999998;99.98197119999998;99.98197119999998;99.98197119999998;99.98906399999998;99.98906399999998;99.98906399999998;99.98953759999998;99.98906399999998;99.98906399999998;99.98906399999998;99.98906399999998;99.98906399999998;99.98906399999998;99.98906399999998;99.98906399999998;99.98906399999998;99.98540319999998;99.98976639999998;
4.726666666666667;19160.0;99.98929279999999;99.98540319999998;99.98197119999998;99.98197119999998;99.98197119999998;99.98197119999998;99.98906399999998;99.98906399999998;99.98906399999998;99.98953759999998;99.98906399999998;99.98906399999998;99.98906399999998;99.98906399999998;99.98906399999998;99.98906399999998;99.98906399999998;99.98906399999998;99.98906399999998;99.98540319999998;99.98976639999998;
4.826666666666666;19160.0;99.98929279999999;99.98540319999998;99.98197119999998;99.98197119999998;99.98197119999998;99.98197119999998;99.98906399999998;99.98906399999998;99.98906399999998;99.98953759999998;99.98906399999998;99.98906399999998;99.98906399999998;99.98906399999998;99.98906399999998;99.98906399999998;99.98906399999998;99.98906399999998;99.98906399999998;99.98540319999998;99.98976639999998;
4.926666666666666;19160.0;99.98929279999999;99.98540319999998;99.98197119999998;99.98197119999998;99.98197119999998;99.98197119999998;99.98906399999998;99.98906399999998;99.98906399999998;99.98953759999998;99.98906399999998;99.98906399999998;99.98906399999998;99.98906399999998;99.98906399999998;99.98906399999998;99.98906399999998;99.98906399999998;99.98906399999998;99.98540319999998;99.98976639999998;
5.0266666666666655;19160.0;99.98929279999999;99.98540319999998;99.98197119999998;99.98197119999998;99.98197119999998;99.98197119999998;99.98906399999998;99.98906399999998;99.98906399999998;99.98953759999998;99.98906399999998;99.98906399999998;99.98906399999998;99.98906399999998;99.98906399999998;99.98906399999998;99.98906399999998;99.98906399999998;99.98906399999998;99.98540319999998;99.98976639999998;
5.126666666666665;19160.0;99.98929279999999;99.98540319999998;99.98197119999998;99.98197119999998;99.98197119999998;99.98197119999998;99.98906399999998;99.98906399999998;99.98906399999998;99.98953759999998;99.98906399999998;99.98906399999998;99.98906399999998;99.98906399999998;99.98906399999998;99.98906399999998;99.98906399999998;99.98906399999998;99.98906399999998;99.98540319999998;99.98976639999998;
5.226666666666665;19160.0;99.98929279999999;99.98540319999998;99.98197119999998;99.98197119999998;99.98197119999998;99.98197119999998;99.98906399999998;99.98906399999998;99.98906399999998;99.98953759999998;99.98906399999998;99.98906399999998;99.98906399999998;99.98906399999998;99.98906399999998;99.98906399999998;99.98906399999998;99.98906399999998;99.98906399999998;99.98540319999998;99.98976639999998;
5.326666666666665;19160.0;99.98929279999999;99.98540319999998;99.98187119999997;99.98187119999997;99.98187119999997;99.98187119999997;99.98906399999998;99.98906399999998;99.98906399999998;99.98953759999998;99.98906399999998;99.98906399999998;99.98906399999998;99.98906399999998;99.98906399999998;99.98906399999998;99.98906399999998;99.98906399999998;99.98906399999998;99.98540319999998;99.98976639999998;
5.426666666666666;19160.0;99.98929279999999;99.98530319999998;99.98187119999997;99.98187119999997;99.98187119999997;99.98187119999997;99.98906399999998;99.98906399999998;99.98906399999998;99.98953759999998;99.98906399999998;99.98906399999998;99.98906399999998;99.98906399999998;99.98906399999998;99.98906399999998;99.98906399999998;99.98906399999998;99.98906399999998;99.98530319999998;99.98976639999998;
5.526666666666666;19160.0;99.98919279999998;99.98530319999998;99.98187119999997;99.98187119999997;99.98187119999997;99.98187119999997;99.98896399999998;99.98896399999998;99.98896399999998;99.98943759999997;99.98896399999998;99.98896399999998;99.98896399999998;99.98896399999998;99.98896399999998;99.98896399999998;99.98896399999998;99.98896399999998;99.98896399999998;99.98530319999998;99.98966639999998;
5.626666666666666;19160.0;99.98919279999998;99.98530319999998;99.98187119999997;99.98187119999997;99.98187119999997;99.98187119999997;99.98896399999998;99.98896399999998;99.98896399999998;99.98943759999997;99.98896399999998;99.98896399999998;99.98896399999998;99.98896399999998;99.98896399999998;99.98896399999998;99.98896399999998;99.98896399999998;99.98896399999998;99.98530319999998;99.98966639999998;
5.726666666666666;19160.0;99.98919279999998;99.98530319999998;99.98187119999997;99.98187119999997;99.98187119999997;99.98187119999997;99.98896399999998;99.98896399999998;99.98896399999998;99.98943759999997;99.98896399999998;99.98896399999998;99.98896399999998;99.98896399999998;99.98896399999998;99.98896399999998;99.98896399999998;99.98896399999998;99.98896399999998;99.98530319999998;99.98966639999998;
5.826666666666665;19160.0;99.98919279999998;99.98530319999998;99.98187119999997;99.98187119999997;99.98187119999997;99.98187119999997;99.98896399999998;99.98896399999998;99.98896399999998;99.98943759999997;99.98896399999998;99.98896399999998;99.98896399999998;99.98896399999998;99.98896399999998;99.98896399999998;99.98896399999998;99.98896399999998;99.98896399999998;99.98530319999998;99.98966639999998;
5.926666666666665;19160.0;99.98919279999998;99.98530319999998;99.98187119999997;99.98187119999997;99.98187119999997;99.98187119999997;99.98896399999998;99.98896399999998;99.98896399999998;99.98943759999997;99.98896399999998;99.98896399999998;99.98896399999998;99.98896399999998;99.98896399999998;99.98896399999998;99.98896399999998;99.98896399999998;99.98896399999998;99.98530319999998;99.98966639999998;
6.000000000000002;19160.0;99.98919279999998;99.98530319999998;99.98187119999997;99.98187119999997;99.98187119999997;99.98187119999997;99.98896399999998;99.98896399999998;99.98896399999998;99.98943759999997;99.98896399999998;99.98896399999998;99.98896399999998;99.98896399999998;99.98896399999998;99.98896399999998;99.98896399999998;99.98896399999998;99.98896399999998;99.98530319999998;99.98966639999998;
6.126666666666664;19160.0;99.98919279999998;99.98530319999998;99.98187119999997;99.98187119999997;99.98187119999997;99.98187119999997;99.98896399999998;99.98896399999998;99.98896399999998;99.98943759999997;99.98896399999998;99.98896399999998;99.98896399999998;99.98896399999998;99.98896399999998;99.98896399999998;99.98896399999998;99.98896399999998;99.98896399999998;99.98530319999998;99.98966639999998;
6.226666666666664;19160.0;99.98919279999998;99.98530319999998;99.98187119999997;99.98187119999997;99.98187119999997;99.98187119999997;99.98896399999998;99.98896399999998;99.98896399999998;99.98943759999997;99.98896399999998;99.98896399999998;99.98896399999998;99.98896399999998;99.98896399999998;99.98896399999998;99.98896399999998;99.98896399999998;99.98896399999998;99.98530319999998;99.98966639999998;
6.3266666666666636;19160.0;99.98919279999998;99.98530319999998;99.98187119999997;99.98187119999997;99.98187119999997;99.98187119999997;99.98896399999998;99.98896399999998;99.98896399999998;99.98943759999997;99.98896399999998;99.98896399999998;99.98896399999998;99.98896399999998;99.98896399999998;99.98896399999998;99.98896399999998;99.98896399999998;99.98896399999998;99.98530319999998;99.98966639999998;
6.437429333333331;19160.0;99.98919279999998;99.98520319999997;99.98177119999997;99.95761759999996;99.98177119999997;99.95761759999996;99.98896399999998;99.98896399999998;99.98896399999998;99.98943759999997;99.98896399999998;99.98896399999998;99.98896399999998;99.98896399999998;99.98896399999998;99.98896399999998;99.98896399999998;99.98896399999998;99.98896399999998;99.98520319999997;99.98966639999998;
6.537429333333331;19160.0;99.98919279999998;99.98520319999997;99.98177119999997;99.95761759999996;99.98177119999997;99.95761759999996;99.98896399999998;99.98896399999998;99.98896399999998;99.98943759999997;99.98896399999998;99.98896399999998;99.98896399999998;99.98896399999998;99.98896399999998;99.98896399999998;99.98896399999998;99.98896399999998;99.98896399999998;99.96057599999997;99.98966639999998;
6.604575999999999;19160.0;99.98909279999998;99.98520319999997;99.98177119999997;99.94571999999997;99.98177119999997;99.95761759999996;99.98886399999998;99.98886399999998;99.98886399999998;99.98933759999997;99.96423679999998;99.98886399999998;99.98886399999998;99.97742399999998;99.98886399999998;99.96518399999998;99.98886399999998;99.98886399999998;99.98886399999998;99.96057599999997;99.98956639999997;
6.787407999999998;19160.0;99.98909279999998;99.98520319999997;99.98177119999997;99.94571999999997;99.97033119999998;99.95761759999996;99.98886399999998;99.98886399999998;99.98886399999998;99.98933759999997;99.96423679999998;99.98886399999998;99.98886399999998;99.95374399999999;99.98886399999998;99.96518399999998;99.98886399999998;99.98886399999998;99.98886399999998;99.96057599999997;99.98956639999997;
6.887407999999998;19160.0;99.98909279999998;99.98520319999997;99.98177119999997;99.94571999999997;99.97033119999998;99.95761759999996;99.98886399999998;99.98886399999998;99.98886399999998;99.98933759999997;99.96423679999998;99.98886399999998;99.98886399999998;99.95374399999999;99.98886399999998;99.96518399999998;99.98886399999998;99.98886399999998;99.98886399999998;99.96057599999997;99.98956639999997;
6.987407999999998;19160.0;99.98909279999998;99.98520319999997;99.98177119999997;99.94571999999997;99.97033119999998;99.95761759999996;99.98886399999998;99.98886399999998;99.98886399999998;99.98933759999997;99.96423679999998;99.98886399999998;99.98886399999998;99.95374399999999;99.98886399999998;99.96518399999998;99.98886399999998;99.98886399999998;99.98886399999998;99.96057599999997;99.98956639999997;
7.087407999999997;19160.0;99.98909279999998;99.98520319999997;99.98177119999997;99.94571999999997;99.97033119999998;99.95761759999996;99.98886399999998;99.98886399999998;99.98886399999998;99.98933759999997;99.96423679999998;99.98886399999998;99.98886399999998;99.95374399999999;99.98886399999998;99.96518399999998;99.98886399999998;99.98886399999998;99.98886399999998;99.96057599999997;99.98956639999997;
7.187407999999997;19160.0;99.98909279999998;99.98520319999997;99.98177119999997;99.94571999999997;99.97033119999998;99.95761759999996;99.98886399999998;99.98886399999998;99.98886399999998;99.98933759999997;99.96423679999998;99.98886399999998;99.98886399999998;99.95374399999999;99.98886399999998;99.96518399999998;99.98886399999998;99.98886399999998;99.98886399999998;99.96057599999997;99.98956639999997;
7.2874079999999966;19160.0;99.98909279999998;99.98520319999997;99.98177119999997;99.94571999999997;99.97033119999998;99.95761759999996;99.98886399999998;99.98886399999998;99.98886399999998;99.98933759999997;99.96423679999998;99.98886399999998;99.98886399999998;99.95374399999999;99.98886399999998;99.96518399999998;99.98886399999998;99.98886399999998;99.98886399999998;99.96057599999997;99.98956639999997;
7.387407999999996;19160.0;99.98909279999998;99.98520319999997;99.98177119999997;99.94571999999997;99.97033119999998;99.95761759999996;99.98886399999998;99.98886399999998;99.98886399999998;99.98933759999997;99.96423679999998;99.98886399999998;99.98886399999998;99.95374399999999;99.98886399999998;99.96518399999998;99.98886399999998;99.98886399999998;99.98886399999998;99.96057599999997;99.98956639999997;
7.43742933333333;19160.0;99.98909279999998;99.98520319999997;99.98167119999997;99.94561999999996;99.97023119999997;99.95751759999996;99.98886399999998;99.98886399999998;99.98886399999998;99.98933759999997;99.96423679999998;99.98886399999998;99.98886399999998;99.95374399999999;99.98886399999998;99.96518399999998;99.98886399999998;99.98886399999998;99.98886399999998;99.96057599999997;99.98956639999997;
7.53742933333333;19160.0;99.98909279999998;99.98520319999997;99.98167119999997;99.89683919999996;99.94655119999997;99.93336399999995;99.98886399999998;99.98886399999998;99.98886399999998;99.98933759999997;99.96423679999998;99.98886399999998;99.98886399999998;99.95374399999999;99.98886399999998;99.96518399999998;99.98886399999998;99.98886399999998;99.98886399999998;99.96057599999997;99.98956639999997;
7.604575999999996;19160.0;99.98909279999998;99.98510319999997;99.98167119999997;99.89683919999996;99.94655119999997;99.93336399999995;99.98886399999998;99.98886399999998;99.98886399999998;99.98933759999997;99.96423679999998;99.98886399999998;99.98886399999998;99.95364399999998;99.98886399999998;99.96518399999998;99.98886399999998;99.98886399999998;99.98886399999998;99.93584879999997;99.98956639999997;
7.704575999999998;19160.0;99.98899279999998;99.98510319999997;99.98167119999997;99.88494159999996;99.94655119999997;99.93336399999995;99.98876399999997;99.98876399999997;99.98876399999997;99.98923759999997;99.93950959999998;99.98876399999997;99.98876399999997;99.95364399999998;99.98876399999997;99.94140399999998;99.98876399999997;99.98876399999997;99.98876399999997;99.93584879999997;99.98946639999997;
7.887407999999997;19160.0;99.98899279999998;99.98510319999997;99.98167119999997;99.88494159999996;99.94655119999997;99.93336399999995;99.98876399999997;99.98876399999997;99.98876399999997;99.98923759999997;99.93950959999998;99.98876399999997;99.98876399999997;99.94220399999999;99.98876399999997;99.94140399999998;99.98876399999997;99.98876399999997;99.98876399999997;99.93584879999997;99.98946639999997;
7.987407999999997;19160.0;99.98899279999998;99.98510319999997;99.98167119999997;99.88494159999996;99.94655119999997;99.93336399999995;99.98876399999997;99.98876399999997;99.98876399999997;99.98923759999997;99.93950959999998;99.98876399999997;99.98876399999997;99.94220399999999;99.98876399999997;99.94140399999998;99.98876399999997;99.98876399999997;99.98876399999997;99.93584879999997;99.98946639999997;
8.087407999999996;19160.0;99.98899279999998;99.98510319999997;99.98167119999997;99.88494159999996;99.94655119999997;99.93336399999995;99.98876399999997;99.98876399999997;99.98876399999997;99.98923759999997;99.93950959999998;99.98876399999997;99.98876399999997;99.94220399999999;99.98876399999997;99.94140399999998;99.98876399999997;99.98876399999997;99.98876399999997;99.93584879999997;99.98946639999997;
8.187407999999996;19160.0;99.98899279999998;99.98510319999997;99.98167119999997;99.88494159999996;99.94655119999997;99.93336399999995;99.98876399999997;99.98876399999997;99.98876399999997;99.98923759999997;99.93950959999998;99.98876399999997;99.98876399999997;99.94220399999999;99.98876399999997;99.94140399999998;99.98876399999997;99.98876399999997;99.98876399999997;99.93584879999997;99.98946639999997;
8.287407999999996;19160.0;99.98899279999998;99.98510319999997;99.98167119999997;99.88494159999996;99.94655119999997;99.93336399999995;99.98876399999997;99.98876399999997;99.98876399999997;99.98923759999997;99.93950959999998;99.98876399999997;99.98876399999997;99.94220399999999;99.98876399999997;99.94140399999998;99.98876399999997;99.98876399999997;99.98876399999997;99.93584879999997;99.98946639999997;
8.387407999999995;19160.0;99.98899279999998;99.98510319999997;99.98167119999997;99.88494159999996;99.94655119999997;99.93336399999995;99.98876399999997;99.98876399999997;99.98876399999997;99.98923759999997;99.93950959999998;99.98876399999997;99.98876399999997;99.94220399999999;99.98876399999997;99.94140399999998;99.98876399999997;99.98876399999997;99.98876399999997;99.93584879999997;99.98946639999997;
8.437429333333329;19160.0;99.98899279999998;99.98510319999997;99.98167119999997;99.88484159999996;99.94645119999997;99.93336399999995;99.98876399999997;99.98876399999997;99.98876399999997;99.98923759999997;99.93950959999998;99.98876399999997;99.98876399999997;99.94220399999999;99.98876399999997;99.94140399999998;99.98876399999997;99.98876399999997;99.98876399999997;99.93584879999997;99.98946639999997;
8.537429333333328;19160.0;99.98899279999998;99.98510319999997;99.98167119999997;99.83606079999996;99.94645119999997;99.93336399999995;99.98876399999997;99.98876399999997;99.98876399999997;99.98923759999997;99.93950959999998;99.98876399999997;99.98876399999997;99.94220399999999;99.98876399999997;99.94140399999998;99.98876399999997;99.98876399999997;99.98876399999997;99.93584879999997;99.98946639999997;
8.637429333333328;19160.0;99.98899279999998;99.98510319999997;99.98157119999996;99.83606079999996;99.94645119999997;99.90911039999995;99.98876399999997;99.98876399999997;99.98876399999997;99.98923759999997;99.93950959999998;99.98876399999997;99.98876399999997;99.94220399999999;99.98876399999997;99.94140399999998;99.98876399999997;99.98876399999997;99.98876399999997;99.93584879999997;99.98946639999997;
8.704575999999994;19160.0;99.98899279999998;99.98500319999997;99.98157119999996;99.83606079999996;99.94645119999997;99.90911039999995;99.98876399999997;99.98876399999997;99.98876399999997;99.98923759999997;99.93950959999998;99.98876399999997;99.98876399999997;99.94210399999999;99.98876399999997;99.94140399999998;99.98876399999997;99.98876399999997;99.98876399999997;99.91112159999997;99.98946639999997;
8.804575999999994;19160.0;99.98889279999997;99.98500319999997;99.98157119999996;99.82416319999996;99.93501119999998;99.90911039999995;99.98866399999997;99.98866399999997;99.98866399999997;99.98913759999996;99.91478239999998;99.98866399999997;99.98866399999997;99.906984;99.98866399999997;99.91762399999998;99.98866399999997;99.98866399999997;99.98866399999997;99.91112159999997;99.98936639999997;
8.987407999999995;19160.0;99.98889279999997;99.98500319999997;99.98157119999996;99.82416319999996;99.93501119999998;99.90911039999995;99.98866399999997;99.98866399999997;99.98866399999997;99.98913759999996;99.91478239999998;99.98866399999997;99.98866399999997;99.906984;99.98866399999997;99.91762399999998;99.98866399999997;99.98866399999997;99.98866399999997;99.91112159999997;99.98936639999997;
9.087407999999995;19160.0;99.98889279999997;99.98500319999997;99.98157119999996;99.82416319999996;99.93501119999998;99.90911039999995;99.98866399999997;99.98866399999997;99.98866399999997;99.98913759999996;99.91478239999998;99.98866399999997;99.98866399999997;99.906984;99.98866399999997;99.91762399999998;99.98866399999997;99.98866399999997;99.98866399999997;99.91112159999997;99.98936639999997;
9.187407999999994;19160.0;99.98889279999997;99.98500319999997;99.98157119999996;99.82416319999996;99.93501119999998;99.90911039999995;99.98866399999997;99.98866399999997;99.98866399999997;99.98913759999996;99.91478239999998;99.98866399999997;99.98866399999997;99.906984;99.98866399999997;99.91762399999998;99.98866399999997;99.98866399999997;99.98866399999997;99.91112159999997;99.98936639999997;
9.287407999999994;19160.0;99.98889279999997;99.98500319999997;99.98157119999996;99.82416319999996;99.93501119999998;99.90911039999995;99.98866399999997;99.98866399999997;99.98866399999997;99.98913759999996;99.91478239999998;99.98866399999997;99.98866399999997;99.906984;99.98866399999997;99.91762399999998;99.98866399999997;99.98866399999997;99.98866399999997;99.91112159999997;99.98936639999997;
9.387407999999994;19160.0;99.98889279999997;99.98500319999997;99.98157119999996;99.82416319999996;99.93501119999998;99.90911039999995;99.98866399999997;99.98866399999997;99.98866399999997;99.98913759999996;99.91478239999998;99.98866399999997;99.98866399999997;99.906984;99.98866399999997;99.91762399999998;99.98866399999997;99.98866399999997;99.98866399999997;99.91112159999997;99.98936639999997;
9.437429333333327;19160.0;99.98889279999997;99.98500319999997;99.98157119999996;99.82406319999996;99.93501119999998;99.90911039999995;99.98866399999997;99.98866399999997;99.98866399999997;99.98913759999996;99.91478239999998;99.98866399999997;99.98866399999997;99.906984;99.98866399999997;99.91762399999998;99.98866399999997;99.98866399999997;99.98866399999997;99.91112159999997;99.98936639999997;
9.537429333333327;19160.0;99.98889279999997;99.98500319999997;99.98157119999996;99.77528239999995;99.93491119999997;99.90911039999995;99.98866399999997;99.98866399999997;99.98866399999997;99.98913759999996;99.91478239999998;99.98866399999997;99.98866399999997;99.906984;99.98866399999997;99.91762399999998;99.98866399999997;99.98866399999997;99.98866399999997;99.91112159999997;99.98936639999997;
9.637429333333328;19160.0;99.98889279999997;99.98500319999997;99.98147119999996;99.77528239999995;99.91123119999997;99.90901039999994;99.98866399999997;99.98866399999997;99.98866399999997;99.98913759999996;99.91478239999998;99.98866399999997;99.98866399999997;99.906984;99.98866399999997;99.91762399999998;99.98866399999997;99.98866399999997;99.98866399999997;99.91112159999997;99.98936639999997;
9.704575999999996;19160.0;99.98889279999997;99.98500319999997;99.98147119999996;99.77528239999995;99.91123119999997;99.88485679999994;99.98866399999997;99.98866399999997;99.98866399999997;99.98913759999996;99.91478239999998;99.98866399999997;99.98866399999997;99.90688399999999;99.98866399999997;99.91762399999998;99.98866399999997;99.98866399999997;99.98866399999997;99.91112159999997;99.98936639999997;
9.83742933333333;19160.0;99.98889279999997;99.98490319999996;99.98147119999996;99.77528239999995;99.89979119999998;99.88485679999994;99.98866399999997;99.98866399999997;99.98866399999997;99.98913759999996;99.91478239999998;99.98866399999997;99.98866399999997;99.88320399999999;99.98866399999997;99.91762399999998;99.98866399999997;99.98866399999997;99.98866399999997;99.88639439999997;99.98936639999997;
9.904575999999997;19160.0;99.98879279999997;99.98490319999996;99.98147119999996;99.76338479999995;99.89979119999998;99.88485679999994;99.98856399999997;99.98856399999997;99.98856399999997;99.98903759999996;99.89005519999998;99.98856399999997;99.98856399999997;99.871764;99.98856399999997;99.89384399999997;99.98856399999997;99.98856399999997;99.98856399999997;99.88639439999997;99.98926639999996;
10.087407999999998;19160.0;99.98879279999997;99.98490319999996;99.98147119999996;99.76338479999995;99.89979119999998;99.88485679999994;99.98856399999997;99.98856399999997;99.98856399999997;99.98903759999996;99.89005519999998;99.98856399999997;99.98856399999997;99.871764;99.98856399999997;99.89384399999997;99.98856399999997;99.98856399999997;99.98856399999997;99.88639439999997;99.98926639999996;
10.187407999999998;19160.0;99.98879279999997;99.98490319999996;99.98147119999996;99.76338479999995;99.89979119999998;99.88485679999994;99.98856399999997;99.98856399999997;99.98856399999997;99.98903759999996;99.89005519999998;99.98856399999997;99.98856399999997;99.871764;99.98856399999997;99.89384399999997;99.98856399999997;99.98856399999997;99.98856399999997;99.88639439999997;99.98926639999996;
10.287407999999997;19160.0;99.98879279999997;99.98490319999996;99.98147119999996;99.76338479999995;99.89979119999998;99.88485679999994;99.98856399999997;99.98856399999997;99.98856399999997;99.98903759999996;99.89005519999998;99.98856399999997;99.98856399999997;99.871764;99.98856399999997;99.89384399999997;99.98856399999997;99.98856399999997;99.98856399999997;99.88639439999997;99.98926639999996;
10.387407999999997;19160.0;99.98879279999997;99.98490319999996;99.98147119999996;99.76338479999995;99.89979119999998;99.88485679999994;99.98856399999997;99.98856399999997;99.98856399999997;99.98903759999996;99.89005519999998;99.98856399999997;99.98856399999997;99.871764;99.98856399999997;99.89384399999997;99.98856399999997;99.98856399999997;99.98856399999997;99.88639439999997;99.98926639999996;
10.43742933333333;19160.0;99.98879279999997;99.98490319999996;99.98147119999996;99.76328479999995;99.89979119999998;99.88485679999994;99.98856399999997;99.98856399999997;99.98856399999997;99.98903759999996;99.89005519999998;99.98856399999997;99.98856399999997;99.871764;99.98856399999997;99.89384399999997;99.98856399999997;99.98856399999997;99.98856399999997;99.88639439999997;99.98926639999996;
10.53742933333333;19160.0;99.98879279999997;99.98490319999996;99.98147119999996;99.71450399999995;99.89969119999998;99.88485679999994;99.98856399999997;99.98856399999997;99.98856399999997;99.98903759999996;99.89005519999998;99.98856399999997;99.98856399999997;99.871764;99.98856399999997;99.89384399999997;99.98856399999997;99.98856399999997;99.98856399999997;99.88639439999997;99.98926639999996;
10.68522933333333;19160.0;99.98879279999997;99.98490319999996;99.98147119999996;99.71450399999995;99.87601119999998;99.88485679999994;99.98856399999997;99.98856399999997;99.98856399999997;99.98903759999996;99.89005519999998;99.98856399999997;99.98856399999997;99.871764;99.98856399999997;99.89384399999997;99.98856399999997;99.98856399999997;99.98856399999997;99.88639439999997;99.98926639999996;
10.704575999999998;19160.0;99.98879279999997;99.98490319999996;99.98147119999996;99.71450399999995;99.87601119999998;99.88485679999994;99.98856399999997;99.98856399999997;99.98856399999997;99.98903759999996;99.89005519999998;99.98856399999997;99.98856399999997;99.871664;99.98856399999997;99.89384399999997;99.98856399999997;99.98856399999997;99.98856399999997;99.88639439999997;99.98926639999996;
10.837429333333331;19160.0;99.98879279999997;99.98490319999996;99.98137119999996;99.71450399999995;99.86457119999999;99.86060319999993;99.98856399999997;99.98856399999997;99.98856399999997;99.98903759999996;99.89005519999998;99.98856399999997;99.98856399999997;99.847984;99.98856399999997;99.89384399999997;99.98856399999997;99.98856399999997;99.98856399999997;99.88639439999997;99.98926639999996;
10.93742933333333;19160.0;99.98879279999997;99.98480319999996;99.98137119999996;99.71450399999995;99.86457119999999;99.86060319999993;99.98856399999997;99.98856399999997;99.98856399999997;99.98903759999996;99.89005519999998;99.98856399999997;99.98856399999997;99.847984;99.98856399999997;99.89384399999997;99.98856399999997;99.98856399999997;99.98856399999997;99.86166719999997;99.98926639999996;
11.004575999999997;19160.0;99.98869279999997;99.98480319999996;99.98137119999996;99.70260639999995;99.86457119999999;99.86060319999993;99.98846399999996;99.98846399999996;99.98846399999996;99.98893759999996;99.86532799999998;99.98846399999996;99.98846399999996;99.836544;99.98846399999996;99.87006399999997;99.98846399999996;99.98846399999996;99.98846399999996;99.86166719999997;99.98916639999996;
11.187407999999996;19160.0;99.98869279999997;99.98480319999996;99.98137119999996;99.70260639999995;99.86457119999999;99.86060319999993;99.98846399999996;99.98846399999996;99.98846399999996;99.98893759999996;99.86532799999998;99.98846399999996;99.98846399999996;99.836544;99.98846399999996;99.87006399999997;99.98846399999996;99.98846399999996;99.98846399999996;99.86166719999997;99.98916639999996;
11.287407999999996;19160.0;99.98869279999997;99.98480319999996;99.98137119999996;99.70260639999995;99.86457119999999;99.86060319999993;99.98846399999996;99.98846399999996;99.98846399999996;99.98893759999996;99.86532799999998;99.98846399999996;99.98846399999996;99.836544;99.98846399999996;99.87006399999997;99.98846399999996;99.98846399999996;99.98846399999996;99.86166719999997;99.98916639999996;
11.387407999999995;19160.0;99.98869279999997;99.98480319999996;99.98137119999996;99.70260639999995;99.86457119999999;99.86060319999993;99.98846399999996;99.98846399999996;99.98846399999996;99.98893759999996;99.86532799999998;99.98846399999996;99.98846399999996;99.836544;99.98846399999996;99.87006399999997;99.98846399999996;99.98846399999996;99.98846399999996;99.86166719999997;99.98916639999996;
11.437429333333329;19160.0;99.98869279999997;99.98480319999996;99.98137119999996;99.70250639999995;99.86457119999999;99.86060319999993;99.98846399999996;99.98846399999996;99.98846399999996;99.98893759999996;99.86532799999998;99.98846399999996;99.98846399999996;99.836544;99.98846399999996;99.87006399999997;99.98846399999996;99.98846399999996;99.98846399999996;99.86166719999997;99.98916639999996;
